{
  "v": 6,
  "features": [
    "dist_m",
    "visible_angle",
    "rb",
    "rbac",
    "pp"
  ],
  "params": [
    -1.663732,
    -0.160767,
    0.016635,
    0.704993,
    0.012408,
    0.272313
  ]
}