{"a": -0.49712, "b": -0.207575, "c": -0.014445}