{
  "v": 7,
  "features": [
    "dist_m",
    "visible_angle",
    "rb",
    "rbac",
    "pp"
  ],
  "params": [
    -1.771294,
    -0.158173,
    0.020454,
    0.790631,
    0.016209,
    0.216346
  ],
  "sog_features": [
    "dist_m",
    "visible_angle",
    "rb",
    "pp"
  ],
  "sog_params": [
    -1.564875,
    -0.122521,
    0.01825,
    0.982083,
    0.304193
  ]
}